Rank,Compagnia,Paese_Sede,Rating,Rami_Surety,Presenza_Italia,Modello_MGA,Premi_Surety_Stimati_EUR,Contatto_Suggerito,Note
1,Tokio Marine HCC,"Spagna (Madrid, HQ europeo)",A++ AM Best,"Appalti pubblici, immobiliari, fiscali, doganali, performance bonds, advance payment bonds",LPS da Spagna e UK,Sì,200-300M EUR,Surety Division Europe / Delegated Authority Team Madrid,"Leader europeo nel surety con forte appetite per modelli MGA/DUA. Già opera con MGA in diversi paesi europei. Approccio flessibile e specializzato. Ottima capacità tecnica e velocità decisionale. Prima scelta per track record consolidato nel delegated authority."
2,Liberty Mutual Surety / Liberty Specialty Markets,UK (Londra),A AM Best / A S&P,"Appalti pubblici, contract surety, commercial surety, performance bonds, bid bonds",LPS da UK,Sì,300-500M EUR,"Liberty Specialty Markets - Surety & Delegated Authority, Londra","Uno dei più grandi surety writer al mondo. Divisione Delegated Authority strutturata. Esperienza consolidata con MGA in Europa. Ampia capacità e appetite per il mercato italiano degli appalti pubblici. Processo di onboarding MGA ben definito."
3,Atradius Bonding,Paesi Bassi (Amsterdam),A AM Best,"Appalti pubblici, fideiussioni contrattuali, commerciali, doganali, immobiliari",Sede operativa in Italia (Milano),Possibile,400-600M EUR,Atradius Bonding Italy / Business Development Surety Milano,"Tra i top 3 player surety in Europa. Presenza diretta in Italia con team dedicato. Forte expertise su appalti pubblici e contractor. Modello MGA da verificare - tradizionalmente opera in diretto ma sta esplorando canali delegati. La presenza italiana è un grande vantaggio."
4,Zurich Insurance - Surety Division,Svizzera (Zurigo),AA- S&P,"Appalti pubblici, contract bonds, commercial bonds, immobiliari, fiscali, doganali",Sede in Italia (Zurich Italia),Possibile,300-500M EUR,"Zurich Surety Europe / Global Surety Division, Zurigo / Zurich Italia","Player globale con forte presenza surety. Sede italiana operativa nel ramo cauzioni. Capacità e solidità finanziaria eccellenti. Modello MGA possibile ma richiede negoziazione - più orientati a canali tradizionali. Vantaggio: brand forte e capacità elevata."
5,Allianz Trade (ex Euler Hermes),Germania (Amburgo) / Francia (Parigi),AA- S&P,"Appalti pubblici, fideiussioni contrattuali, commerciali, fiscali, doganali, immobiliari",Sede in Italia (Allianz Trade Italia),Possibile,500-800M EUR,Allianz Trade Bonding Division / Country Manager Italia,"Primo player europeo per volumi surety/bonding. Presenza capillare in Italia. Enorme base dati su aziende europee (rating interni). Modello MGA da negoziare - struttura corporate complessa. Punto di forza: capacità di analisi credit risk e volumi."
6,Coface,Francia (Parigi),A2 Moody's / A AM Best,"Appalti pubblici, fideiussioni contrattuali, commerciali, fiscali, doganali",Sede in Italia (Coface Italia),Possibile,150-250M EUR,Coface Surety & Bonding Division / Italia,"Forte expertise credit insurance e bonding. Presenza diretta in Italia. Buona conoscenza del mercato contractor italiano. Database proprietario su solvibilità aziende. Modello MGA possibile ma non è il canale primario. Sinergie con credit insurance per analisi rischio."
7,HDI Global SE,Germania (Hannover),A+ AM Best / A+ S&P,"Appalti pubblici, performance bonds, advance payment, fideiussioni commerciali, immobiliari",LPS / HDI Italia,Possibile,100-200M EUR,HDI Global Specialty Lines / Surety Division Hannover,"Gruppo Talanx/HDI con solida divisione surety in Europa continentale. Presenza in Italia tramite HDI. Appetite crescente per mercati surety europei. Modello MGA in fase di sviluppo in diversi rami. Buona flessibilità per nuovi canali distributivi."
8,Markel International,UK (Londra),A AM Best,"Appalti pubblici, contract surety, commercial surety, trade bonds",LPS da UK,Sì,50-100M EUR,Markel International - Surety Division / Delegated Authority Team Londra,"Specialty insurer con forte cultura MGA/DUA - il delegated authority è nel DNA di Markel. Divisione surety in crescita in Europa. Processo di onboarding MGA snello e ben strutturato. Capacità minore rispetto ai big player ma grande flessibilità e velocità. Ottimo per MGA startup."
9,QBE Europe,UK/Belgio (Bruxelles HQ europeo),A+ S&P,"Appalti pubblici, contract bonds, commercial bonds, immobiliari",LPS da Belgio/UK,Sì,80-150M EUR,QBE Europe - Surety & Financial Lines / Delegated Authority Team Bruxelles,"Insurer internazionale con appetite per modelli MGA in Europa. Divisione surety attiva e in crescita. Sede europea a Bruxelles facilita operatività LPS in Italia. Esperienza con delegated underwriting. Buon equilibrio tra capacità e flessibilità."
10,Elba Assicurazioni (Gruppo Siat/ITAS),Italia (Milano),Da verificare,"Appalti pubblici, fideiussioni immobiliari ex D.Lgs 122/2005, fiscali, doganali, commerciali",Sede in Italia (Milano),Da verificare,50-80M EUR,Direzione Tecnica Cauzioni / Direzione Generale Milano,"Compagnia italiana specializzata nel ramo cauzioni. Profonda conoscenza del mercato italiano (D.Lgs 36/2023 e normativa ANAC). Vantaggio: nessuna complessità cross-border e conoscenza diretta della regolamentazione italiana. Modello MGA da verificare. Criticità: capacità limitata rispetto ai gruppi internazionali."
